subset,instrument,instrument_id,song_id,uuid4
validation,clarinet,0,201,a826c559-0fc9-58b4-fddd-ba1adf1a10d1
validation,clarinet,0,200,623f30e2-9d6b-5920-ff34-00a81adba1cd
test,clarinet,0,6,a009d3dc-dd17-5a4d-fb88-73d99e046936
test,clarinet,0,14,5c63f880-8f63-59b7-fa4e-62fd638a22b6
test,clarinet,0,8,f94bcdb3-9b45-5375-f1b4-abac9cf23528
training,clarinet,0,141,56eef840-50dc-5498-f1dd-289a95831cc7
test,clarinet,0,6,fef64e6f-c95f-5799-fdfb-a3d350322b64
validation,clarinet,0,201,8b9f321f-461d-5244-ff7c-27e115e37f42
training,clarinet,0,139,7c416d4b-2645-5033-f0fd-39aec452f809
test,clarinet,0,8,bf522981-fd62-5ce0-f69f-526d2d554955
test,clarinet,0,8,5138335c-2da3-50c2-f96d-74d379978ba2
test,clarinet,0,14,19412dc4-f2ef-5026-ffcb-4fbec110a484
validation,clarinet,0,201,f63d70d0-c6b0-53ca-f249-081920f29106
test,clarinet,0,13,69e2b649-ee41-5628-f6c7-c7da4a264109
training,clarinet,0,142,4851ffb9-003f-5a4f-fb06-1bedd2840437
validation,clarinet,0,200,d84fef62-5c3c-563e-f94e-0b25f5e57850
test,clarinet,0,9,0942c20c-c4eb-5882-f8e0-9de9201b1988
validation,clarinet,0,200,596d54d8-b4a4-5045-fa47-982523dd7b1b
test,clarinet,0,13,b36b9503-8f8b-54e1-fbb3-da367ec3fc43
test,clarinet,0,10,6360d7aa-be8a-5fbd-f6e0-de2f26fb2774
test,clarinet,0,0,320f7b02-5eb3-5a29-f2fc-ea35f28e0310
test,clarinet,0,2,d730f22c-3df4-573e-f74e-823175fcd237
training,clarinet,0,141,81d74a8c-b2c9-504f-ffbe-cc1d3db9871c
training,clarinet,0,141,65762b0d-06d2-5121-fe7f-4a2c10222602
test,clarinet,0,13,69066906-e986-5798-fef1-5fef07506563
validation,clarinet,0,201,06b89eda-d4e1-5a08-f362-4615bc0437f7
test,clarinet,0,10,376c68f2-e822-5ec5-fb7b-9d0c86b1d384
test,clarinet,0,7,9e1b20b7-2abe-5f67-f1da-de2c324d6f37
training,clarinet,0,141,b4779f92-7c79-53b0-fee9-09e8e6b8750d
training,clarinet,0,141,d366b54c-0d50-5e22-f06f-eb08a0a64895
validation,clarinet,0,201,4664800d-e895-5acf-f6d6-fd3d52c863ad
test,clarinet,0,8,543c8f8c-0da0-5a92-f54f-c98d8eecf58b
test,clarinet,0,0,d6d66f78-2025-5b22-fe05-30f4bfe01074
training,clarinet,0,141,fcb197db-6f5c-50b7-fdd8-b3658724a285
test,clarinet,0,2,1695065d-be3f-565b-f18b-28b394509e0c
test,clarinet,0,8,ccc4e119-160e-5f89-feb8-afaab343e5c9
validation,clarinet,0,201,3569ea72-3c21-55e9-f8c1-6c1421adba8d
test,clarinet,0,6,de7f1a82-58b9-51d1-f80c-de44a0ca91be
test,clarinet,0,11,6c819917-76b4-5e4f-f9ba-96a5be5805aa
validation,clarinet,0,201,02758cf4-7421-58fe-f987-aa426a3d8f0f
training,clarinet,0,141,b2135214-3629-551b-f4dc-46099291dca0
test,clarinet,0,13,3b3f6c14-3097-5157-f617-72ae38415e13
test,clarinet,0,13,476ff707-49a6-5775-fa2e-ad4653441bd0
test,clarinet,0,17,9dc1f7b4-e923-58e8-fad7-862948ecd06e
training,clarinet,0,141,8852452b-fd9b-56cb-fa15-c3d3993c784a
validation,clarinet,0,200,ea253fdf-db7e-56a5-f457-9616597b21a1
test,clarinet,0,0,8542714b-a66d-5b34-f6a3-4e385b2ad03d
validation,clarinet,0,201,b2179c2f-59fc-585b-f2d6-02b4fc5cdbb5
validation,clarinet,0,201,201d125f-0625-5efb-fa4c-c5b5be84a913
test,clarinet,0,16,cda6a71e-c3a3-5541-fc67-f597a16b17be
test,clarinet,0,8,9e059eb8-0ab1-5997-fc29-4a9dd3afad87
test,clarinet,0,13,0662523b-64b7-571b-fd3c-ad485537b4e1
test,clarinet,0,0,9ed4a592-20cc-5e18-f886-4dcdb72549e8
test,clarinet,0,1,569e51b2-d566-5835-f10e-967bd0a7f7ed
training,clarinet,0,140,788c92bf-532e-5256-f9d0-3dc16d9ebfe6
test,clarinet,0,13,f083794d-d99a-52d4-fe47-cc3636af0aec
test,clarinet,0,17,2abb6662-02e8-51b0-ffbd-93880a4db5a9
test,clarinet,0,16,c35d7492-9e30-5117-f860-482a3a5e53f0
test,clarinet,0,14,8ac94357-d933-5834-f5cd-b610d11c5334
test,clarinet,0,0,30ded392-ec4f-5583-faf0-68035ba85c65
training,clarinet,0,141,3ee4332b-85ea-5a7a-fbc1-4ba1b2110370
training,clarinet,0,139,fd6c63e1-8002-53cf-f2c1-5170b78c951c
test,clarinet,0,6,c2b5aa90-46ae-53b6-f297-f95e1ab47549
test,clarinet,0,8,81757762-b25c-57f4-f244-f34b50154ffb
training,clarinet,0,141,077394a8-b4d1-5244-fd22-ca130a858e65
validation,clarinet,0,201,c6feff9e-f8a9-5067-ff20-9d6a265cd8f0
test,clarinet,0,0,32450368-9309-5779-fc4b-e12671c10272
test,clarinet,0,0,04abefc3-337b-51e2-f5ea-6161bab00c11
training,clarinet,0,141,93e8d1e3-77f9-581c-f07f-5e223af13cd1
training,clarinet,0,140,15ed5591-56fe-5516-fd1b-8134c8e58e8a
test,clarinet,0,6,b44a60ac-6e8a-5f91-f901-c2055f37c8d0
validation,clarinet,0,201,792dfcdb-4d0f-507d-f82e-7ef5602a7055
test,clarinet,0,17,fcf367ce-472d-5da4-fabe-1263084137c1
test,clarinet,0,1,39d00657-12c3-530b-f436-5adb798cd11f
test,clarinet,0,17,a673ecc3-9d40-59da-ff7e-2179cce9724c
test,clarinet,0,6,da191752-b0c5-56ac-fd0d-b0da05cceb43
training,clarinet,0,142,e6dc016b-6d03-5158-fdb2-e761f4b7a872
test,clarinet,0,7,eb7f401c-5e65-5e5d-f339-1a6095b18ae6
training,clarinet,0,141,3edfafda-9069-51dd-f42d-9bc06ae69d84
training,clarinet,0,139,2193c200-dec2-5df4-ff55-417cd9a3dd44
test,clarinet,0,8,e0eb1fcc-ee02-589f-fecc-277003010fba
test,clarinet,0,8,cc8e0328-45f6-584a-f0e0-0aa156a969ca
validation,clarinet,0,201,0df2a3ea-3d2d-5167-fc78-988ec76269d8
test,clarinet,0,6,255b6b30-2492-59f4-fcbd-c6508161fa5c
test,clarinet,0,16,b1489c84-2ef6-5565-fb99-599009cd0701
test,clarinet,0,13,18ad0ec3-bd37-5788-f10f-5b322a99ab5f
test,clarinet,0,11,13b0dea4-e1e2-5a46-fb8d-f2b348374b32
training,clarinet,0,143,5a948762-f5df-5a71-ff64-7148c342befe
test,clarinet,0,8,ee878057-e588-5ac4-f546-d6ade0231d21
test,clarinet,0,17,e2b491f7-8171-59f5-f085-45d5d5257e66
validation,clarinet,0,201,64e42480-08ff-53d5-f68b-a3403a96ddd8
test,clarinet,0,0,2268c2c2-c5be-5a77-f7a4-d75d09cf01b7
validation,clarinet,0,201,3bbdc3f5-382a-5d11-f9dc-c785b998b7fc
training,clarinet,0,142,cb9c575b-75dd-5da7-fc38-83cd98bfe21d
training,clarinet,0,141,515a3448-41a1-5e37-fda6-cc7a29dfc3d9
test,clarinet,0,1,e99a288f-e808-5b35-f3f4-d2173dea711a
test,clarinet,0,15,1d652d19-2d48-56c2-f3ed-25fbf449f5dc
validation,clarinet,0,201,584ef055-7ccb-560d-fdfa-bb2d15db2101
test,clarinet,0,17,b29159f7-b275-5082-f6d6-04ba65cda7b4
validation,clarinet,0,201,871a751a-ea2b-51aa-fca0-d4fe3c8d3e4f
validation,clarinet,0,201,dae7fef1-d7e3-5fe1-fad8-ffeaa1713dac
test,clarinet,0,16,ac13a6b0-d163-5678-f7d7-7959b57fe7e9
validation,clarinet,0,201,23534b2b-5d3e-5771-f4dd-e63bd5980817
validation,clarinet,0,201,b13ad41a-d95d-5f13-f976-a789547dbac5
training,clarinet,0,141,25da8f4b-19b1-50a7-f6d8-0bb3567e6802
validation,clarinet,0,201,bd6cc264-7647-5fc2-fd69-8323e8728f90
test,clarinet,0,17,7aac542d-bc94-519f-f873-7aed35d72645
test,clarinet,0,14,7d600bb4-8342-52b4-f7d4-f8c62531d613
validation,clarinet,0,201,028a70fb-af57-554f-f8d0-bf23d2aebfaa
training,clarinet,0,141,6b6b0f03-aa5b-53d1-fbfc-6379241da307
validation,clarinet,0,201,af5fe177-5623-5e48-f41f-8be3f2957b50
validation,clarinet,0,200,bb6c47bf-397e-5815-f6a2-5b4db82e6a94
training,clarinet,0,141,e5fccb5f-4858-53ba-f6bf-45809a98d30c
test,clarinet,0,8,41a76159-787b-5c4c-fa8a-a8ea0c714513
validation,clarinet,0,201,9231e0ba-bf17-581e-f7aa-eedc2dc5e9b8
validation,clarinet,0,201,a19585f6-5d7a-5ab3-f53a-d9fb9a85eddb
validation,clarinet,0,201,3976e7b0-0f59-5ac0-f3bb-f92cbe7680a2
test,clarinet,0,8,de24bf85-d242-5f7e-f9e2-95931b0a0e6c
validation,clarinet,0,201,4d2e02ba-f07f-53b7-f42d-b06a931b501e
validation,clarinet,0,201,7edf075a-8b61-5dc0-f7ca-c34b25647bb0
test,clarinet,0,17,5923a7af-9220-513f-f094-61392fcfd634
test,clarinet,0,15,2e4f346f-dfdf-5d57-fc8b-e97bcbb00469
validation,clarinet,0,201,ac74c9e0-0ecd-5f68-f4db-d04da872980a
test,clarinet,0,0,aa01780e-1dbb-5935-fbd9-fdb4f0dd6506
test,clarinet,0,14,dbdb92ea-2129-5933-fba0-3f8648434c16
test,distorted electric guitar,1,22,ef7c2685-2343-5f2e-f97a-fea4226f9961
test,distorted electric guitar,1,23,1184a686-8b4d-5596-f0d5-0b8129680a8d
training,distorted electric guitar,1,149,dd395de4-088a-5841-fc4b-e8ff8fd08b8e
validation,distorted electric guitar,1,205,688bb629-9c49-5169-f293-53212e4ee92b
test,distorted electric guitar,1,23,4c6def8c-e601-5f95-f0fc-25e574ff40e7
training,distorted electric guitar,1,151,4b7a026d-d9f3-5822-ffcc-53dfd05d8120
validation,distorted electric guitar,1,204,061f6386-a235-58dd-f897-712f8bed4752
training,distorted electric guitar,1,149,472096d6-74cb-5f03-f5e7-57566814e0da
training,distorted electric guitar,1,149,e15a1845-afdb-5ec6-f2b2-06a937bbe16a
validation,distorted electric guitar,1,203,2c7382e6-9c13-5dc5-f597-3a096d5670ef
validation,distorted electric guitar,1,205,e5dd5ee6-cf4a-5d67-ffcc-1dd452e4f05d
training,distorted electric guitar,1,147,170da2e0-6316-552d-f957-49dd93e84605
validation,distorted electric guitar,1,204,d9a1921b-d619-537d-f2be-bc22f197a5b2
training,distorted electric guitar,1,149,6f861aaf-e03b-500d-f25a-58a194489ae1
training,distorted electric guitar,1,146,e9eca42a-d765-5445-f354-622475bf8589
validation,distorted electric guitar,1,205,29890a7c-6ee4-5139-f948-773096f00bcf
training,distorted electric guitar,1,148,bd44d63f-8949-585e-f98f-8ae84b81d1e4
test,distorted electric guitar,1,22,1549b4ae-a7df-5a92-f497-58ea3c4f7dcd
test,distorted electric guitar,1,28,623e1638-cdd7-5b74-fbd8-042d85bfaeac
validation,distorted electric guitar,1,203,9fba9de5-1279-53b4-fffc-96bbdcfa4413
test,distorted electric guitar,1,27,7b615c6a-ac6d-5d81-f1e4-16d9ce96e013
test,distorted electric guitar,1,27,4df68937-2dc5-53f0-f4c4-14fa573ea084
test,distorted electric guitar,1,21,41795b8b-a3db-5e32-f5bb-95c08fc77a91
test,distorted electric guitar,1,27,6d32059b-bc21-5dcc-f2cb-e29964a2f4f5
test,distorted electric guitar,1,25,43abc03a-de71-5da7-fd61-84481400c7b8
training,distorted electric guitar,1,152,284e7f16-793e-504e-f00f-02b67f140673
test,distorted electric guitar,1,25,ee2bca44-8df5-54c1-f272-1e941ae6b182
test,distorted electric guitar,1,23,c8558706-748d-5439-f5d2-282424dee61c
validation,distorted electric guitar,1,205,f7a70c2d-0514-51d9-fe10-ff779b1b6d53
validation,distorted electric guitar,1,204,8f4fe4f2-6f85-5a02-f709-94a7a662535d
validation,distorted electric guitar,1,204,5ac8a286-1411-516c-fe5b-9ca628bc4230
validation,distorted electric guitar,1,205,9b537e5a-8ec4-5a74-fd07-10c8c21dcbc9
test,distorted electric guitar,1,28,096eb687-6a33-5b3c-fb57-adb3b993e78f
training,distorted electric guitar,1,148,5d075a6b-debf-58ed-f3c2-ed7cc9939c5e
validation,distorted electric guitar,1,203,c7cb063a-fa19-5ba8-f25e-3d901dcc7261
training,distorted electric guitar,1,146,94846c24-9f1d-5e4d-f3d8-3690cab26781
validation,distorted electric guitar,1,205,5feb1074-0aa8-5e47-fb2d-7917c61104c8
validation,distorted electric guitar,1,205,15d29ee0-1f4f-58ef-f40b-05bd60b549b4
training,distorted electric guitar,1,148,a1b86324-7909-513a-f199-c402e66c8bfa
test,distorted electric guitar,1,22,5765327a-a695-57a9-fda4-e65043f2aac7
test,distorted electric guitar,1,23,878a33de-e12a-55e7-ffd8-dfd94950e55f
test,distorted electric guitar,1,18,b7e5114c-8474-5502-f04f-e577594bf549
test,distorted electric guitar,1,22,94ff1994-c169-59db-fce5-87073a423641
test,distorted electric guitar,1,23,3405cbdf-9db7-5b3f-f959-016c5162c589
training,distorted electric guitar,1,151,e3d9b087-48db-584d-f9d8-79e72cc6bb66
test,distorted electric guitar,1,22,a9f3d99c-b87b-507b-fdba-86ad33027c5b
validation,distorted electric guitar,1,205,217af2fd-1164-5b59-f07f-0b7ee94a85e8
test,distorted electric guitar,1,21,b2946db5-e918-53fb-f451-430ea1b0a5cf
training,distorted electric guitar,1,149,cc297552-2fa9-5e56-f52f-2f4e5928affd
test,distorted electric guitar,1,23,946e126e-c112-5aa1-fb82-700870da896d
validation,distorted electric guitar,1,205,dd206f93-57ff-5ea7-f67f-2c47a3a6a42f
training,distorted electric guitar,1,150,3cdd074b-175b-5f12-fea9-8c65130eaed3
training,distorted electric guitar,1,152,c7e9abbe-7f58-5725-fae0-5bb33b480b2b
test,distorted electric guitar,1,23,3f017755-3499-5cae-fe27-f8846fc08629
training,distorted electric guitar,1,148,14d07f63-d498-5296-f941-15ea27ba043a
validation,distorted electric guitar,1,205,4047b44c-fef3-582d-f09d-3cd4ca9be145
training,distorted electric guitar,1,150,9314923e-0492-56af-f276-9328b86dec57
validation,distorted electric guitar,1,204,5b45b6b8-97e4-5a73-fc3b-346e09aef473
training,distorted electric guitar,1,147,20c44bdf-50c9-51ec-fd4e-0fb9d7341535
test,distorted electric guitar,1,18,54a75ae4-8b41-5c42-ff3b-254b48b83cdb
validation,distorted electric guitar,1,204,99d69cd8-de69-5748-f6ca-e3a8f5a0d38c
test,distorted electric guitar,1,22,8fc1638f-3708-561b-fec0-c46ed5a453e9
test,distorted electric guitar,1,26,71a14d09-a1ce-50a9-fccf-7aeef95deb4e
test,distorted electric guitar,1,22,dab2697a-bfb1-5722-f50d-b40f64554be8
test,distorted electric guitar,1,22,530f2eeb-84e7-5fe1-f4c6-f41fa4d8edb9
test,distorted electric guitar,1,20,183a885e-4146-5b12-f104-2ab40ccb1d63
training,distorted electric guitar,1,144,d7e6e392-5a55-5ab0-f21c-0dbcf4a8a86e
test,distorted electric guitar,1,18,7de4af20-3991-52f5-f779-d881106654e8
test,distorted electric guitar,1,28,5f054f50-774b-5a08-f17a-ce441b818701
validation,distorted electric guitar,1,203,b31c48e1-fc49-5474-f60c-d6d1042dc95c
test,distorted electric guitar,1,26,2334bcab-3aa0-50ad-f2c2-77b202e63758
test,distorted electric guitar,1,22,4b4e28f4-106f-55c0-f8cc-9834d1dbb37b
test,distorted electric guitar,1,25,eb6daf13-7212-5a0a-f14e-8e161dbaa10c
test,distorted electric guitar,1,25,db655911-a213-5b3e-f1ce-d2ecba0d93dc
test,distorted electric guitar,1,28,afdf0590-3e27-5542-f93c-a39363178fbb
test,distorted electric guitar,1,18,c33760d2-cd02-5ff3-f183-9c5434987814
test,distorted electric guitar,1,25,ca08b7da-7d83-53fb-fd77-5866bad98dc8
validation,distorted electric guitar,1,204,df9af8ef-a339-51fb-f77b-11751a3122fa
validation,distorted electric guitar,1,205,88f96ba0-950f-52a8-f68a-a9b39374a4e8
test,distorted electric guitar,1,23,c7b3577d-6969-5259-ff42-0c716c91762c
training,distorted electric guitar,1,148,c446c71f-24b6-58ee-f339-9bc4232d61d3
test,distorted electric guitar,1,25,b3724d1d-fd55-5771-f2f1-fd81ed66c4ce
training,distorted electric guitar,1,148,3c84db9d-4d16-558d-f475-4aeb5bea641c
validation,distorted electric guitar,1,204,f69a8f02-fde4-5bb1-f87d-018802729579
test,distorted electric guitar,1,23,ed3a2fb9-500a-5efc-f3a8-43e779566612
validation,distorted electric guitar,1,204,d72a358b-a97f-5150-fda7-bb9b034dcbb7
test,distorted electric guitar,1,22,7905e950-be66-55e9-f5eb-da2dfe8c3315
test,distorted electric guitar,1,25,e9d29b6f-e3b9-5ca9-f708-1c84d410ebe0
training,distorted electric guitar,1,153,9c8be7a1-ed5d-5435-f2a9-779d7ccab3ae
test,distorted electric guitar,1,23,05cb7655-88a5-5b37-fdc2-b0db9fb64461
test,distorted electric guitar,1,26,b0935e30-1878-589e-f77e-e935ff998dfb
test,distorted electric guitar,1,25,0f772bb7-c59c-5b37-f974-486ad883ce0c
test,distorted electric guitar,1,27,1573111c-fd2a-51ad-f25f-b4cbdc362d79
training,distorted electric guitar,1,151,b6e1aedd-0b6c-55f3-f5f0-d9de56f154bd
test,distorted electric guitar,1,25,0b675ade-f1a7-5bf2-f089-af154ba9bf36
test,distorted electric guitar,1,28,abe51d3e-64e3-5dca-fc2b-74553ad4992d
test,distorted electric guitar,1,22,b8cc90a0-9c77-533f-fcf4-a5e7ab05b996
test,distorted electric guitar,1,22,9db6c8ac-e3f4-56d8-ff26-4ed56566f17d
test,distorted electric guitar,1,19,570a4cbf-7ceb-5070-fcaa-fc4ab122eeb4
test,distorted electric guitar,1,27,a22cd816-0b81-507a-f9f7-c6fe5e73dab8
test,distorted electric guitar,1,22,8d4d2a03-6c06-5673-fc24-c853093a1919
validation,distorted electric guitar,1,203,f55a2eaa-ff28-5853-ffca-89b53e6e869d
validation,distorted electric guitar,1,205,07cb8dd4-1e50-567a-f540-edd2263beb07
training,distorted electric guitar,1,150,80d63a51-96db-5f71-f73c-099d4d3d2ff7
training,distorted electric guitar,1,146,0cd76d8a-2a94-5401-f1f6-530b271f3e8e
training,distorted electric guitar,1,150,1587331a-8f78-5a72-f5f4-ea7796cfe85d
test,distorted electric guitar,1,28,a1f95e24-da30-5083-f8ef-6ec1bd44a82b
validation,distorted electric guitar,1,203,e9d6e6e4-6d25-5eee-fe9f-6b5fa59f9958
test,distorted electric guitar,1,25,f12290a2-df78-51b6-f18c-f8fae8c807c6
training,distorted electric guitar,1,148,28c56bb3-e8db-5088-f927-999fc361d10d
test,distorted electric guitar,1,28,1c65dd2c-1e5f-5cbd-f30d-754ca7f5b231
test,distorted electric guitar,1,25,7d577cf9-ecfd-5c3f-f368-8bfb39b26125
test,distorted electric guitar,1,25,b57b6e4e-0020-543d-fd3a-258f17982c7d
validation,distorted electric guitar,1,205,a4dcd67e-57b0-5a1c-f833-2f90d79dd6d0
test,distorted electric guitar,1,25,34b0ac17-a90b-5295-f7e9-124549cb34ea
validation,distorted electric guitar,1,204,780d9915-6be9-51d8-f923-6b3d5e0e19a6
test,distorted electric guitar,1,24,b182230a-97da-581f-fa4f-d8296692ebb2
validation,distorted electric guitar,1,203,a7b59f86-cc43-5a6d-fb7d-843f27a60315
training,distorted electric guitar,1,153,9076b258-f7fd-5f69-f86b-2ae2fddff2c0
validation,distorted electric guitar,1,205,ca5f9d57-eed9-5679-ff0a-980abfda9a56
validation,distorted electric guitar,1,204,f44f7d8f-e938-5baa-fbbc-14b1d86df952
validation,distorted electric guitar,1,203,e077965b-eef0-5b56-f62d-6a1003d4d47e
test,distorted electric guitar,1,23,6c2a9de3-44e5-5e6c-f822-1c6b68164c0e
test,distorted electric guitar,1,28,b9da5cc4-06f5-54e4-fa08-fbb13a328e07
test,distorted electric guitar,1,27,dd635031-d857-5faa-f9ca-a9681bd5cc7c
test,female singer,2,29,cfcf93e3-f52c-5d64-f16a-b2d5310ab479
test,female singer,2,31,cb1329b2-f4a1-55c1-f6f6-2eac0b9a5bec
test,female singer,2,32,8d18616f-884d-50ab-f952-3870900107b3
test,female singer,2,33,fb42da30-9d8a-5c32-f9c5-c70a12b75672
test,female singer,2,36,6d383084-3c86-5637-f833-f005e3023659
test,female singer,2,34,96d2b913-b4f1-5fc5-ff8d-6e4d03f83639
test,female singer,2,37,972da62e-528d-5adf-f655-0dfadd5074c6
test,female singer,2,36,8a581ac6-33b3-5317-fa1e-7ccfa3f90f99
test,female singer,2,30,534d88ed-be5b-5eec-f52a-bf5dc64950cb
test,female singer,2,35,32de1f94-8d10-5a29-fc6e-4f0aa441e2dc
test,female singer,2,39,22807347-a362-51ae-f8a3-1472b79c38d0
test,female singer,2,33,677f337f-9063-513e-f967-906c9c54d433
validation,female singer,2,206,cd36b95c-0f97-57b6-f72b-444ef100bb41
validation,female singer,2,208,eeb2cb1d-1444-5db0-ffcd-031e5c17eafb
validation,female singer,2,208,64317cf5-add8-522b-f396-5520be4a468c
test,female singer,2,30,7c46cf07-3136-56d4-f5dc-9b187e47406b
test,female singer,2,33,7104756c-8f0b-5651-ff6e-19fc89f7d72d
test,female singer,2,39,46831039-d5b3-5f39-f964-37fd2eb5ce15
test,female singer,2,31,17523f8b-4f3f-5796-f02e-2f6d1a95ef7e
validation,female singer,2,208,c132067e-203c-527f-faca-d63038ea978e
test,female singer,2,38,cc86e009-df19-573e-f3de-2c5b8ca3ab49
test,female singer,2,30,73569aca-8a50-5fa4-f72d-dd70804a6b6b
test,female singer,2,34,847af81b-b5c0-50c7-f395-84e032550fbc
validation,female singer,2,208,4269551d-fc2d-58f2-f249-cabcc727c77f
test,female singer,2,38,df87171a-46fc-5fb4-f98b-946797d9775c
training,female singer,2,157,555a3090-7667-51bf-f42b-042fe1f0052d
test,female singer,2,36,83694444-0b85-5744-f534-bfecb9e4647e
training,female singer,2,157,4b8af899-a80f-562c-f3b3-3aa8b55bef05
test,female singer,2,39,acd3dd53-2661-5cd0-fd15-c08043590418
test,female singer,2,29,58c86f5f-da2c-52cc-fb87-0b068263897f
test,female singer,2,38,7ea33801-4dcf-58ed-ff6e-6fa59abadd26
test,female singer,2,34,d1bfc6df-757c-59e4-f1ed-b5a2ecbb561f
test,female singer,2,30,df129763-0abb-5b4b-f219-f7caf298a3b7
validation,female singer,2,206,3c3675b8-ec85-504e-f237-fa4e0e2cf50a
test,female singer,2,38,dad2913e-a196-5c88-fed0-4dd8448fa453
validation,female singer,2,208,2db28bfa-b5aa-5155-fe69-26b3ce18a770
test,female singer,2,37,9a0670c5-654c-5eee-f5d5-ee94f34815af
validation,female singer,2,208,256f9f5a-527a-5305-f121-581f4dc25106
validation,female singer,2,209,15996e4c-ee0f-508a-f423-3816d8157203
test,female singer,2,31,837375c4-0008-511e-f8f0-2657e4c2a673
test,female singer,2,40,5adeac29-6e0d-5c65-fabc-47e5dbeab5c0
test,female singer,2,40,ce498a36-8293-5d34-f2e6-284133fb134f
training,female singer,2,160,53818e26-62f6-5f41-f201-73eb06914bbe
test,female singer,2,38,ee083f8c-86e5-5d1b-f9c1-5efc8382624b
training,female singer,2,157,ab5edef2-ec95-5d77-fa24-185f1be7fe8f
test,female singer,2,38,5a8f828e-05ca-58d1-fe5d-f8ed2975b1c6
test,female singer,2,38,7c405255-5fb6-5bb5-f724-32fb4287880f
test,female singer,2,29,73c8a9a1-df5d-5e7d-fcfd-f63a132701ea
training,female singer,2,154,4037cfae-49f4-5ae7-f487-c80c37d5770d
test,female singer,2,36,891ce5b1-e92b-5be4-f239-cb4ada4dac28
training,female singer,2,154,ab1b0777-470e-5047-f2d5-5dc4b415b551
validation,female singer,2,207,34cbdb71-d9f0-5370-f11e-9b4028f3ac17
test,female singer,2,33,81b783e7-6386-5b02-f35f-02a7ffc5d830
test,female singer,2,34,75a0d997-c632-534b-f9d7-d8ec00d2ec3c
test,female singer,2,34,9e035c9b-53c4-50a6-f0fc-6e777378630c
test,female singer,2,32,286624f0-c0da-52cd-f573-53cba103e908
test,female singer,2,33,8b8112e8-82d5-573f-f2d3-a9a8153d4825
test,female singer,2,32,933c5fbf-5fe8-58fe-fb63-e7a9e2ec1264
training,female singer,2,155,6cb78a73-a357-5198-f2a8-0255a38b235f
validation,female singer,2,206,db525ff1-7a63-584d-f16a-c2f8f68e79da
test,female singer,2,29,61c5352c-f9df-54fa-f52b-702ab18025cb
test,female singer,2,31,4df07bc9-3a38-5bcc-ff38-d459e5bb0687
validation,female singer,2,206,184ea63a-927a-52e9-f7b8-9fb5b7f218df
test,female singer,2,34,61039bb5-00f1-55c8-f80a-ee60db5f6c63
test,female singer,2,29,8045521b-fbeb-5350-f982-f42981beb949
validation,female singer,2,208,20e5972c-1ad6-5f81-fd4f-9fe838d5d5a6
training,female singer,2,154,cae2d28b-145f-557c-f76d-c331492403e8
test,female singer,2,32,a5464f13-14c6-59eb-f84c-8e63611b1033
test,female singer,2,32,ed2d2169-6629-53d3-fbe2-47a87fa25425
test,female singer,2,34,5754733a-1f39-5c6b-fc41-ec25c1118f8b
training,female singer,2,154,639e5aff-55c1-54d6-f2ab-f8ef38cd1f61
test,female singer,2,30,982b0aae-4f49-5f4e-f6ca-9186de4afddb
test,female singer,2,38,f77ff605-dd0a-506d-f66a-1ccd05d42aef
test,female singer,2,35,bd8aa2d2-549b-580b-fd6b-3e59e93f3575
test,female singer,2,36,1dd8289a-1c5b-57ac-feba-e69bf2560589
test,female singer,2,38,c2dcb216-65d7-51e5-fce1-afa038af1300
test,female singer,2,31,c31a8a8b-25bd-5824-f846-047115c2ea50
training,female singer,2,157,a917a89f-5a78-574c-f1bc-ae398205888d
training,female singer,2,160,a111ae87-d23d-59c2-f297-e368a1b4da1d
test,female singer,2,29,8b2037b4-340a-5777-fb09-e53ec15cba2a
test,female singer,2,33,54d7408c-69b2-57a8-f2ea-6401441590f1
test,female singer,2,31,7204f98f-e5e0-5208-f42a-c59433611a17
training,female singer,2,157,494075d5-1513-5f59-f3b0-131ae12298d7
training,female singer,2,154,33089362-8957-50ae-f379-bd9b87b6cac9
test,female singer,2,33,13c9cf7a-86df-5da0-f8d0-38432d970435
test,female singer,2,33,a582b93d-ea47-5618-f4d8-10ddecb6152a
test,female singer,2,38,88c9eef9-d87e-513a-f67a-a817da318145
validation,female singer,2,206,115c8c8a-bf3d-5272-fe26-9e57924d448f
training,female singer,2,157,d8813c3e-fe8d-5a74-f189-58f7773d0af3
training,female singer,2,160,a89966c0-319b-543e-f934-b110d5fac5e4
test,female singer,2,38,fec478d7-7258-5028-fa77-d83c690db2bd
test,female singer,2,31,1f7bce8f-e11e-598a-f7d1-ec5671407b4c
test,female singer,2,30,e788fdc2-ea62-5e7f-f385-18de8a61cbdd
validation,female singer,2,208,58793087-0697-5211-f1ca-0e3af944ca7d
test,female singer,2,38,751a8840-462e-5159-fe34-c35f823d93d4
test,female singer,2,35,a46f7f40-cb43-5441-faa3-a5eea54eaca5
training,female singer,2,154,e7b02783-53fd-5444-fd6f-6b1480fcaf71
test,female singer,2,36,ca029627-ffa5-5950-ff29-cb6838c32e13
training,female singer,2,155,6d5d89d3-9860-5150-feed-3ceb0d645369
test,female singer,2,32,c2b6e8d9-668a-5ace-fae9-df0c09a56f53
test,female singer,2,29,d15ddb19-153d-5f1f-f588-2eca8333c4e1
test,female singer,2,33,bd923ae9-8d4f-53a6-fef6-b966df82a234
test,female singer,2,30,745e199b-1f58-5083-fc18-87f0fec8b3b9
test,female singer,2,32,09532c6b-ea67-5366-fffa-86db4b51ed37
test,female singer,2,31,bcd8d5d7-57a1-5697-faa2-115083f5bfc4
test,female singer,2,35,00a2d22d-edef-554a-f09f-c04fe172bb5e
test,female singer,2,31,dcd0a716-7224-57f7-fdff-4d5457c15ad1
validation,female singer,2,208,a4992349-1ef1-5ac9-f4a9-ae67c7499e21
training,female singer,2,154,2a2272a9-8eca-5946-f4e6-423d0dc41bf0
validation,female singer,2,208,0731f07b-ffb7-59fe-fcdc-9eadc773ef43
test,female singer,2,32,2ec18a62-2f0d-52eb-f780-33d5b53a4ed1
validation,female singer,2,208,b2500b8b-2a01-5910-fbc2-46327d83ea77
test,female singer,2,32,80414ca8-a150-5c65-f91f-fdc0a797f1cf
test,female singer,2,38,5744be17-a354-5cd9-fe5f-fa36a14c93ac
validation,female singer,2,209,8af60633-462f-5744-f30d-a19adbb9d6a1
test,female singer,2,33,55c4e295-4c31-511e-fd86-6ab19574f3fe
test,female singer,2,36,bf0a311c-1d84-5de0-feb7-30bbfd288b1b
validation,female singer,2,209,384fcf8b-3402-5ec0-f0cc-bb5c0f0ddf6e
validation,female singer,2,206,0d37a379-7f65-5c82-f60f-52547a54e835
validation,female singer,2,208,14eb2053-6605-5a9d-f38b-95004095621f
training,female singer,2,154,928a0d23-86f5-5e4b-f2d3-cb6b21ade11c
test,female singer,2,29,bb85a7fa-614e-544c-f7a9-9cb7030a1b6d
test,female singer,2,36,15c849de-df1b-5ae4-f998-f5975806c6bc
training,female singer,2,154,b8fe1ba5-64da-5ebd-f21f-0b50fd6a48b5
test,female singer,2,37,058fcdc0-66fe-501b-f359-7e0059b58712
test,flute,3,43,46ba7d48-8a26-55f0-f404-0e09a0212e4f
test,flute,3,63,526d6607-9324-5f67-ff46-955f63996908
training,flute,3,163,60f713b5-4f4b-5ae9-f827-9b2b1de35221
test,flute,3,68,389420be-9efc-5297-fad3-eb3c03b46996
test,flute,3,56,60f5caf6-df98-5320-f62b-201390501450
training,flute,3,163,50291f3b-b00b-5011-ff23-45bd19fa97ea
test,flute,3,46,6db24ef7-7ad9-5b68-ff8e-11b9db029419
test,flute,3,59,cce9920f-3289-5b38-f220-777b7fba76be
test,flute,3,56,0d857960-4afa-5bb8-fd65-66bee0845c20
test,flute,3,62,c1c08e95-eb2f-5c55-f223-4ea30a06f5b9
test,flute,3,47,df9a9ab5-f295-5513-fd16-3da588be003a
test,flute,3,58,8693b211-da32-5adf-f770-30055f0ca8b8
test,flute,3,56,aaaa217a-6591-502c-fe57-cf44fb802b35
test,flute,3,51,3dde8bc1-57c1-53a1-fbee-23387accd815
test,flute,3,48,a33f20bf-c90c-52bf-fe54-a94096cc0ebf
test,flute,3,68,57d608cd-6c4f-5352-f80f-156d647cae8f
test,flute,3,52,07531514-c6e1-5092-fd70-f86b4ee03409
test,flute,3,51,01b13440-aaa6-54e1-f72e-d13787b92c08
test,flute,3,64,809509a4-95fd-56b4-fd74-ae5c2b9f4146
test,flute,3,55,4a3a7607-e709-58f1-f289-e832ee865abf
test,flute,3,60,18de505e-3759-555d-f9ce-9a52ec25e59c
test,flute,3,68,c61280fc-4ddb-59a8-ff67-238f02c45552
test,flute,3,44,7f981949-031c-54db-f838-fbbde336ce8e
test,flute,3,44,1837a9fb-46cb-5f75-f074-18c5e9742ca8
test,flute,3,50,7e3f3ef9-64bd-5cfe-f071-a868e6915983
validation,flute,3,211,3585f44e-2771-5f93-f41e-749a74855992
test,flute,3,42,e6b21f21-2f01-530b-f32f-89f21cb5bb3d
test,flute,3,42,d3116407-3e1b-59bc-f7dc-59a196c2f59d
test,flute,3,51,b0f9b7a1-cbd1-520d-f904-579c51bf644d
test,flute,3,61,11c2b351-3b13-5610-fe02-2c657e1ba514
validation,flute,3,210,0a07a94d-bcf8-504e-f1b5-ec2f077d95e8
test,flute,3,43,8aa04208-8b5c-546e-fe5d-a1717ef7f5e7
test,flute,3,47,3082b256-ddad-55f6-f0d9-4a1b7a27b33f
test,flute,3,59,f0ab6e39-f5f6-5981-ffa6-e0acf5f97318
test,flute,3,68,5c389845-bf66-5fc6-f6b9-c5472113a164
training,flute,3,163,a5e31258-b953-5cc6-f6c2-c11bd5c68233
test,flute,3,56,1d228fe3-53c7-57e9-ff74-0950fd3b7037
test,flute,3,43,570d6ddb-9cce-5f13-f189-9530fa0113f0
test,flute,3,44,c5769ecb-c101-589a-f415-baf71e8ee363
test,flute,3,56,fcd1d971-b7c5-5b98-f0fe-f6a81705e47f
test,flute,3,46,94809542-a435-50e9-fb66-627036fe19de
validation,flute,3,210,b9099dda-19c4-52a3-f7bd-879f03c42e1a
test,flute,3,63,4d6b50e9-9902-55b6-f40c-5366e89c9ca5
test,flute,3,42,fe424765-4bea-5c76-fe48-9ddb33fba959
validation,flute,3,210,a1bbedf9-b9d1-5deb-f221-3a8d9668c1be
test,flute,3,56,f599f8c9-f368-5643-f9ed-f862d1738036
validation,flute,3,210,306a2572-cd34-5838-f858-e192741b055b
test,flute,3,55,0964c265-d996-5de6-ff9a-060f86087687
test,flute,3,57,d31d8c8c-2bd2-5874-f5c8-c17885d2b4cf
validation,flute,3,211,18221221-fffc-5207-f58f-edc05662dd90
test,flute,3,43,b02d3ab6-b9fb-5c04-f938-9edce2cb31a4
test,flute,3,63,306b5597-4fa6-566b-f837-ec86eb68a038
test,flute,3,67,89a3d816-b08f-5e1d-fa20-4f945e4849e3
test,flute,3,52,f731de2e-bd03-5ce0-fa4b-dbccf936a53f
validation,flute,3,211,014d0642-4796-5895-f46c-4cdbdf5193fe
test,flute,3,56,bdcf2835-48fc-5491-f03d-1c2938220bb9
test,flute,3,59,da1a0c94-5e8f-5ebf-f14b-fe25f927eede
test,flute,3,44,16b1d4a8-795f-5a04-f0f7-44768005f1e1
test,flute,3,52,72cb3647-37aa-5881-f23e-b540a7cacff0
test,flute,3,63,ca651be5-707a-58e0-f810-e97db3ca0a04
test,flute,3,65,04e2b594-4d29-5539-f42e-7bd3abae176a
validation,flute,3,210,513d3d51-df66-53e8-f9f6-c057752b4164
test,flute,3,52,72f34219-4712-5c6f-f3ee-5961d3cc3492
test,flute,3,47,df24d15b-614b-57b2-fb0a-cdf4cc6ddb0a
test,flute,3,48,72ee3e66-bee7-5d6a-f6a9-6f88a7938354
test,flute,3,55,943c58aa-54b0-58c4-fd46-752173abcde8
test,flute,3,45,454be945-eff1-5d89-f4ef-242a7e347628
test,flute,3,43,eb16db18-b659-5b76-fce1-39eabeb41b0f
test,flute,3,68,512c7f49-0682-514b-fb8f-8b4c1056f382
test,flute,3,50,6c17ca64-3ab6-5018-fb8d-71568a7f372b
test,flute,3,53,6aef8126-61ea-5cdc-f366-2915f27d4aaf
test,flute,3,62,a2ce29e0-96c4-5da0-fb45-803e489f8b6a
test,flute,3,53,4472673c-89cd-527a-fcaf-809534158109
test,flute,3,43,183cf2fd-45b4-5240-f7b8-881628ad8c9d
test,flute,3,62,8ad016f2-0b84-5b84-fd71-f0ad0d7f358f
test,flute,3,41,8423e6ed-a636-57a9-fdc2-bb9cf8d9c904
test,flute,3,44,ada9baee-fa6a-53ac-f931-2b99a7b06d2e
test,flute,3,69,433c5efc-c66d-5163-f948-7ea5a87c8b67
test,flute,3,63,622b16a5-a8b2-5b88-fcd4-c9d35705c852
test,flute,3,41,ca67b766-03fa-5402-f511-2cd541b22960
test,flute,3,51,14f28e42-c6dc-5d36-fba4-8bd0f33e98f4
test,flute,3,69,645c3830-a147-54de-f53a-df8e6e582dc6
test,flute,3,69,9b78da93-f167-5412-f7d0-02d3e437317e
test,flute,3,42,ddcc7188-6360-5a5a-f90c-607810019588
test,flute,3,67,2f8099f0-a996-542a-ff4b-58a9fac7aa17
test,flute,3,45,e3398cc1-e739-5314-f661-ec7b8ada07b9
test,flute,3,56,bf8a0e73-7c87-5d08-f516-f2ab725dd54d
test,flute,3,52,523ad1c2-e4d6-5bf1-f724-c9a5f66914f3
test,flute,3,46,82c969f0-fd7a-5a83-f436-94f040f994f5
test,flute,3,56,1322adba-f026-5684-f4d5-77b351a1539f
test,flute,3,68,8eef387f-e00f-58df-f200-a39d5f130bdc
test,flute,3,59,3661976e-75d8-5317-fc5b-b25e352a7b19
test,flute,3,51,893094a2-ea8b-5a25-f4d9-1ee3cd24019b
test,flute,3,59,1481d61e-e112-564f-fd87-2d5197cc808d
test,flute,3,43,feaed312-eee3-5af8-ff2d-9f101c37d734
test,flute,3,56,f100ae88-55b5-5445-f420-1d3730ff4252
test,flute,3,55,d4a47af0-32f5-54bd-f4e3-c5ea41d9c72e
test,flute,3,56,19c0dd42-e46a-5e2a-f94a-402941a0ae7d
test,flute,3,47,a2228984-a6aa-5562-ffcd-3ddf2aa9869c
test,flute,3,48,a1a82033-1940-50da-f4ad-a6856bd55fdd
test,flute,3,52,195560e7-831e-5d1d-f17a-4dc3cab88d7f
test,flute,3,43,4dccdf1b-7057-5854-f130-64e8dd273db4
test,flute,3,57,c305ef19-2650-5339-f6d2-8babf6617b46
test,flute,3,69,6ff34872-446b-5be0-ffcd-c90596141cd6
test,flute,3,45,b3a6dfd1-5d48-59dd-f22c-67016a9c0fe1
test,flute,3,60,39275c55-0fff-54eb-f76a-6a914ad59689
test,flute,3,63,f6bfbde0-2dee-5e04-fafe-73a7056aae0d
test,flute,3,56,9a7622c8-4271-5bdb-fefc-5513de923f71
test,flute,3,59,90e4bb31-da2e-525d-fd59-1cc8914b4045
test,flute,3,48,840a4810-85a8-534e-ff01-17083d627207
test,flute,3,43,08a65f5d-45e7-5c0d-f29d-0cc42e1463ef
validation,flute,3,210,7f3fa451-5199-5512-f066-3ab19779035c
test,flute,3,44,1c022602-658b-586f-fe0d-edb9724d1288
test,flute,3,62,93060a08-b261-5b95-f3a2-d64862ff24ca
test,flute,3,42,3a7fa499-728f-524e-ff63-2215440706db
test,flute,3,69,cd98d169-427c-5556-f872-5807aba81623
test,flute,3,50,afdabb18-3f44-5d0f-f0dd-8d9bd7c5e9e4
test,flute,3,63,8db951c0-0bca-5b47-fe30-70ff3f185633
test,flute,3,51,846c987a-a6f7-5f07-f3bf-02c8e3cff4f3
test,flute,3,49,1b093a2a-41f0-5ead-f638-5717c85dc604
test,flute,3,52,fd48686c-029d-5b98-f849-3cb649839dd3
test,flute,3,50,f5721cde-e0f9-5ff4-ffbf-f677c87378d9
test,flute,3,54,badc8922-0e6f-5ea2-f519-74f7de82df33
test,flute,3,65,0478f9dc-757f-5872-f311-a2c862d22867
test,flute,3,46,5f3dd0d8-f94b-5748-f6b7-fd755151fad8
test,piano,4,81,ac4789bb-14f4-5d8e-f4a1-cde10f3ad951
test,piano,4,84,93f788a5-e5a9-5d30-f413-e6ff7fa49767
validation,piano,4,219,24b44efb-0d61-5015-f8da-1aed1c088ce1
training,piano,4,179,2f3e83ef-846a-54d0-f114-b8ea3ceecab3
training,piano,4,170,64c2645c-1eac-5252-f639-4184e8b6dde2
test,piano,4,81,4128c710-ef8f-5b78-f23a-e8baf0efa9f1
training,piano,4,178,08929e63-9b44-52da-fc4c-3c175258db48
test,piano,4,84,c0bcb84b-7d85-5ffd-f01d-54e033d689ca
test,piano,4,79,0638feba-1706-52b8-fbc8-a471716f2278
test,piano,4,81,e87012be-55f7-5676-fb68-52d32069a31d
test,piano,4,82,f84b9efd-b8fd-5d86-ff2d-1e846470208d
test,piano,4,72,1f18b260-da1c-53d4-fd23-41d2bf799d3b
training,piano,4,183,57b5628a-8e3b-543a-fb38-e4dd008baadc
test,piano,4,81,d9deef67-e907-52a5-f8f5-1c25656b7748
test,piano,4,76,14b21079-d904-5841-fcab-f7f77d16de1e
validation,piano,4,218,de8cd7c6-5b0b-5250-feef-7024a488c51d
training,piano,4,178,0d266ee8-f273-517f-f797-629fb81c048b
validation,piano,4,215,db4812ac-da5a-5cb9-fd02-85056d042b12
training,piano,4,182,a854475e-3519-56cf-f5b2-3c754e74ed2f
training,piano,4,167,67e3147e-a564-52e4-f90a-adc95efbc7fb
training,piano,4,174,4cf41b2e-fd57-565a-fd8d-c1183c6f54d1
training,piano,4,175,a9ec6d6a-5b11-5d6a-f9cb-9cbca6e1b638
training,piano,4,164,31831ef0-d5b0-568a-f75a-596fb45ebb27
training,piano,4,165,e3aea748-b5a1-5a2f-f1e6-82ab2c0a0e62
training,piano,4,175,21c9e4f2-a405-5213-f812-a27af65bdfb2
training,piano,4,180,997156f5-bb6e-5385-f085-2e188f2423df
test,piano,4,83,005d3d9e-199d-5a94-f244-1758d173b2b9
test,piano,4,71,098d1b11-e3db-523a-faf9-bf1b764d22cf
validation,piano,4,214,aca75a46-aab4-5b36-fe25-acca2fa678d8
training,piano,4,168,10c7e48f-eb6e-57cf-f510-4d08206df634
test,piano,4,72,1fc7e398-24d6-54bc-f183-c837b181569b
test,piano,4,77,7a5e6bf8-51ac-575c-f2ec-2eea17847d13
test,piano,4,82,0bd992ac-55d0-596a-f03d-dcc8ffbcdaa2
training,piano,4,179,8a5af2e3-6c4d-5da4-f80a-e00d0e1e2719
training,piano,4,174,2dfff6eb-6549-52d6-f7b3-ad8f6ed08d80
validation,piano,4,217,a864e545-183d-5bc8-fafc-7ad116e1a50c
training,piano,4,165,77135f19-95fe-542c-fd87-a1538146cf9f
test,piano,4,76,9458a1c1-7358-573e-f6ed-a967fc2d08f5
training,piano,4,171,1812ed96-3aca-5954-f1a2-d5b224f73dc2
training,piano,4,183,adfc7287-1b6f-5943-faa1-2c4add8826cd
test,piano,4,72,15e59e84-bbd3-5f57-fcf4-dca37d02f98a
training,piano,4,164,a9eb335d-fbae-5bf9-f85f-20a02149f345
test,piano,4,81,355a3d74-775c-5c07-f1f4-f7045487d76f
training,piano,4,180,1c7ce9cd-b2e4-511d-f9b6-801ea706c980
training,piano,4,174,08355c49-6912-586f-fee7-a63b3f63c338
test,piano,4,84,19d469e9-cd27-5163-f012-3816bbbfd1c0
test,piano,4,71,9a60bb00-4fdf-5915-f20a-2eb0afe4ae48
test,piano,4,82,4fcae28b-e716-5cee-f81d-9d1b7efb8af8
training,piano,4,175,47a453c6-f772-5ee0-f9e1-2cfe2b82b852
test,piano,4,78,78f0074f-776e-5ff0-f34e-732cdd9b9727
test,piano,4,76,59658174-62c2-5464-f72d-86e1f1f42310
test,piano,4,82,f2c12aeb-952c-57cf-fb34-2453959a9917
training,piano,4,165,63a4e7a2-156b-5546-f4ef-1453a2a48ec3
test,piano,4,79,c2afd80a-0f7f-5ef9-f73d-1e4ab0096d80
training,piano,4,169,fcb93bc8-03fe-51ad-fb56-9e48d6c363c8
training,piano,4,181,05bc0cdb-f7a0-5cbf-fe86-796ca987e411
training,piano,4,168,aa9ce709-82ae-5d2d-f33e-9423b45b50e7
validation,piano,4,217,7d42825c-e63b-5464-f016-3555e4e75eca
test,piano,4,73,188497c2-c94a-517e-f57e-23d631eaa268
training,piano,4,165,bba4a85b-c8f2-5376-fe86-98371615d754
validation,piano,4,218,509546f5-d38d-53de-fe36-e89805b8a10e
training,piano,4,166,8b87f3ed-d837-57ae-f6ec-efb8e59c5892
training,piano,4,183,341dbcd8-37f2-5681-f5e3-c2a829e0d3b4
test,piano,4,79,c902334f-2238-53e0-fb05-2634edc6cdce
training,piano,4,175,cdc7fa65-65c8-59ed-fabd-3075f61ae247
test,piano,4,79,2c9c5d60-06e8-5375-f53c-2d05e1a8907d
training,piano,4,178,1cd3a7ac-c422-509f-fc76-cea376026b11
test,piano,4,71,fc3a3576-a78d-583b-fc7d-22ed3ae742f3
test,piano,4,84,56b7c077-7ca4-5df7-f66d-27cc228ed570
training,piano,4,171,cc0b6154-1a6c-59cb-ff66-79f663062762
validation,piano,4,217,27078312-f7d3-5e54-fa97-d1d5483397e2
training,piano,4,181,37759fd7-d129-5815-f921-d03e68df0666
validation,piano,4,219,09ddce33-8b4a-5dfa-f2cd-5ce9b7c2a1b0
validation,piano,4,216,28bc2311-dfda-5c18-f3b4-0d081199b6b4
training,piano,4,167,f6131528-f660-58ac-f350-81da6e330c73
test,piano,4,81,465d27ae-651e-5876-f34f-6d2b66ef9957
training,piano,4,181,6ef37247-1fa4-5bd1-fa8b-af77aef026aa
training,piano,4,171,6b13e6ee-f1b3-50b7-f9bb-7f5d89306d64
training,piano,4,183,0b199fb6-7734-5330-f3e6-a260b6c0402f
validation,piano,4,218,34c90deb-3cb8-55f5-ff11-084ad04ec148
test,piano,4,82,6f016c66-71fe-52f3-f523-e220f3ea25a6
test,piano,4,84,99ef7ab3-a97e-5f04-f3fe-7bf0a4917a9e
test,piano,4,82,8f986ac6-0382-575a-ff3d-a931241b2428
test,piano,4,76,cb367f6a-cd03-503f-f1e7-963bca7b5ecf
training,piano,4,171,1aaf2f3b-8f29-54dc-faa8-9e210ec30b90
training,piano,4,164,20a7a951-0efa-5a06-f631-c83a816b2ba7
validation,piano,4,217,a389853e-94a2-5667-f489-344652f236d1
training,piano,4,181,13be3801-8d8b-56a2-f160-29a468aca88f
test,piano,4,74,9382deef-da20-5d4d-f55e-5e4148aa55b7
test,piano,4,77,4073a597-42db-550b-f0fc-616c6791e60a
training,piano,4,183,4c1ae588-3dcf-55c7-fb15-b0f5fbc4a6a3
training,piano,4,181,0236356b-9b21-51e6-f2af-9d0ad644d95d
test,piano,4,83,8729e29b-af52-56a2-f87b-0aeb2c1c1983
validation,piano,4,217,54acbc76-2277-5b68-fe40-367bcc3729f6
test,piano,4,70,db00223c-6d8f-5b5f-f999-07c1fbfb22aa
test,piano,4,77,182e676e-0b58-5d0a-f6c7-67065c1388d6
test,piano,4,72,e4772845-2508-5be1-f06d-95de52904944
test,piano,4,81,a460304c-23fc-5947-f5ef-e83e81fbf2cc
test,piano,4,84,5504ec01-eb6c-5791-f29c-140a8552e83b
test,piano,4,73,232719d6-cee3-5cbc-fce8-b3659960fc9b
test,piano,4,81,6778cbea-a365-592a-f478-2462ad09d661
test,piano,4,73,f3aa24a1-a002-5070-f332-4cac365c62e9
validation,piano,4,216,aa1c690b-1777-56c4-f28f-1a93a9902e04
training,piano,4,178,1962edb9-b508-5bee-ff1e-efc4bdeef6c8
test,piano,4,83,ead7c1ec-8f55-57ad-f6f1-90de12a40b26
test,piano,4,77,a394d6b7-59ff-501e-f21a-a1df7442da4c
training,piano,4,177,182cfdc6-2cb8-557a-fd90-0459a8c54524
training,piano,4,178,d9bc653d-076d-578a-f00f-80697ab18661
test,piano,4,82,f70ca679-161a-5f1e-f3af-aad8ff926f16
training,piano,4,164,5c851a1b-e168-5d10-ffa5-c2646909924d
test,piano,4,76,e2221b53-07e0-5e30-f461-82b721c0d087
training,piano,4,168,8229cd09-9a47-5619-f967-4e884e3870c6
test,piano,4,82,8534c5c6-9691-5d85-fc5c-955dda59b195
test,piano,4,71,6f9b7ef4-5102-50ed-f840-0aca47b82155
training,piano,4,164,6117a3a6-ec6f-51a7-ff0c-8af21df5a807
test,piano,4,76,cfeb0b53-acac-562c-ffb1-985461a687b9
validation,piano,4,214,589cb9d9-5e09-5bb7-f069-a42587194083
training,piano,4,175,51d96bb3-410e-5ea7-fc2f-ba8f9676951a
test,piano,4,72,2f0c1c14-0ac2-5cdf-fbd3-4cee900286a3
training,piano,4,180,427e0d5f-7a99-5ff6-ffee-4a763eb0311c
test,piano,4,79,2db5bb51-61cc-5dd0-fdab-44f3e1eab5b7
test,piano,4,72,214a727e-4dfc-5e92-f5a8-58276cc5b22b
training,piano,4,174,af39342d-5223-5078-f1bb-7da7d8d8184b
test,piano,4,72,fc360c06-5bcb-5499-ffa8-cd5e5850ca33
training,piano,4,164,19c1656b-767c-51e0-f3f2-68457fd4ca10
validation,tenor saxophone,5,220,9f0b4fe1-69c1-53d3-fabf-5e0b6c82094f
test,tenor saxophone,5,85,68099140-64ee-50bb-f6f0-50de17af70ca
test,tenor saxophone,5,85,f52600d1-db85-5fbb-f387-9f0b73d920f0
test,tenor saxophone,5,85,d1527680-0fb0-5866-fd7a-26e4877e9d2f
test,tenor saxophone,5,85,41ffd18c-e294-5475-f946-6f116448860b
test,tenor saxophone,5,85,22425279-12d0-5628-fccb-f27e2218f42d
test,tenor saxophone,5,87,b62b6b4d-6939-512b-f9a1-aab1e2c460d1
test,tenor saxophone,5,87,1dba7d46-124f-58e2-f0b4-2c860926ad54
test,tenor saxophone,5,87,287de1e2-28c7-5ebf-f881-ec5ae3b9d97c
test,tenor saxophone,5,85,71f4088a-9925-5f1f-fc00-afb6750cd807
test,tenor saxophone,5,89,d7e60148-939c-5e9f-ffe8-a9b6f5ccda5c
test,tenor saxophone,5,89,ed41264c-87bd-5b17-ff7f-082c81024b4c
test,tenor saxophone,5,87,8134cc1c-4570-5d82-ff74-0c5081d2df6c
validation,tenor saxophone,5,220,745fab06-96a8-5a55-fc6a-97adf070f48c
test,tenor saxophone,5,85,21c2b0a8-5574-5599-f64b-4820d49eeade
training,tenor saxophone,5,185,7700c216-cff0-5916-f758-d62ab0b7b6c4
test,tenor saxophone,5,85,eb6b810b-82b4-5e1a-f7d8-117fb29a608c
test,tenor saxophone,5,85,e8c16d85-0ce8-5873-f0af-a976c06ea4f5
training,tenor saxophone,5,185,0ba0ed1c-bd21-5d59-f397-036ab2df1a13
test,tenor saxophone,5,87,15c7256a-c6c6-5f67-fc20-ddb71cb9d06e
training,tenor saxophone,5,184,0be05f48-4f36-57af-f700-a8ed9bba204d
test,tenor saxophone,5,87,3bfc4308-9a85-5c02-fe66-f81963590efc
test,tenor saxophone,5,87,b94beeb2-f44a-5440-fb95-ac0f01dc917a
training,tenor saxophone,5,184,cb953716-23f3-5a9b-f9f5-beb0a6b2a193
test,tenor saxophone,5,85,a7ae6b76-27c8-54fc-fe6f-555b9d970095
training,tenor saxophone,5,184,da35a833-4e44-58ca-ff36-dd87dee791c3
test,tenor saxophone,5,85,c1b4b85f-6f9a-5dd1-fab1-fa133b897997
test,tenor saxophone,5,85,e0f90470-3c1f-58b1-f9e5-95a07d3594b1
training,tenor saxophone,5,185,7b8791e0-8161-59ad-f207-b770eec262c2
test,tenor saxophone,5,87,ffde4ee4-4247-56cd-f007-74250fe2a4bb
test,tenor saxophone,5,87,cfcabd81-efe5-5436-f5ca-21a0df976489
test,tenor saxophone,5,87,1b9df29f-ee81-5be8-f64c-ba29c75a4bfd
training,tenor saxophone,5,185,04019660-3963-5ace-f19c-17db30224529
test,tenor saxophone,5,87,e2759b00-7ec8-5243-f0a7-461e020e9b33
test,tenor saxophone,5,85,836541ad-63be-5f9d-f99b-1eda14f9156a
test,tenor saxophone,5,87,5b080d04-2e58-5e3c-f914-272c2b72857a
test,tenor saxophone,5,85,5c48f269-faef-5a33-f92b-6d3f1fd5947b
training,tenor saxophone,5,185,84117862-a8ba-5e37-f48b-78667fe722b5
test,tenor saxophone,5,86,802c24b0-3790-554f-f629-d80db6ec5e62
test,tenor saxophone,5,85,2d058055-5220-552d-f92b-0a46dba76eb6
test,tenor saxophone,5,85,2050a1c0-5686-5c12-f853-01ebded27528
training,tenor saxophone,5,185,c3baff52-0630-563e-f5fc-b255eec73fdf
test,tenor saxophone,5,87,d8b45f7c-02a5-548c-fc65-812f3ab119bc
validation,tenor saxophone,5,220,7b34f4fd-1d4a-593c-f7de-abcfc209eabe
test,tenor saxophone,5,85,a2acb7d3-e3af-56d4-f575-b46b464f40c4
training,tenor saxophone,5,185,1189ee93-c02b-5466-fc81-a2993f2411c1
training,tenor saxophone,5,185,6412c561-7de8-5ddb-f7f6-e00e6f23674f
test,tenor saxophone,5,85,4cea1b67-f72d-5b7b-ff1e-06e8b6c88022
training,tenor saxophone,5,184,5ef427d5-019a-5897-f44b-c34ea3f8d376
test,tenor saxophone,5,87,1f57716d-d12b-572a-fde0-c696574a5c0e
test,tenor saxophone,5,88,a8a1956a-3488-5883-fceb-ebad187a6678
test,tenor saxophone,5,85,9e8e7f7c-862e-5db2-fa69-5229b767bc71
test,tenor saxophone,5,89,ec9447ab-c137-52fd-fe65-ecc705a35567
test,tenor saxophone,5,87,0963b784-30f7-5356-ff5f-17fdb79f9fb4
test,tenor saxophone,5,87,9d98ec6a-6a53-5b6b-f097-14dd20c5b2dc
test,tenor saxophone,5,87,64c5e2e3-8670-5bb5-f275-80ba4c5b179c
test,tenor saxophone,5,85,cd62197b-085e-5aaf-f212-fe55868ce8e3
training,tenor saxophone,5,185,18104e47-4167-5102-f1b4-44a336f24c46
validation,tenor saxophone,5,220,62bc8152-0bf1-5d42-f353-3eb4870ee422
test,tenor saxophone,5,87,3ba4fa06-bf64-5db7-f810-162b0851c367
test,tenor saxophone,5,85,903e9621-3349-5bf7-fe9f-1a21b8a1efcd
test,tenor saxophone,5,85,11053d27-5bbc-5b9d-f383-5a4cf9c4e7b0
test,tenor saxophone,5,85,69bed780-517f-5b27-fa76-f1737f48069f
test,tenor saxophone,5,87,fef92149-9ca6-5b90-f979-8261320769ee
test,tenor saxophone,5,86,b4e17894-a7e9-50bd-f96e-1396cd40bd19
test,tenor saxophone,5,88,4ff8b824-0c5e-57b5-ff64-cd9a31abcaf3
test,tenor saxophone,5,85,b390e112-241e-52b4-ffcf-c158575411b6
training,tenor saxophone,5,184,58c84f34-f2a1-58bc-f67f-046862007cce
training,tenor saxophone,5,184,650321c9-1b99-57cd-fa97-e121653c2cbe
training,tenor saxophone,5,185,953e6508-0ba7-5d89-f748-f9bf58862b29
test,tenor saxophone,5,87,3fca070a-cccc-5bc6-f369-f333d2be5fd8
validation,tenor saxophone,5,220,080efa80-a30d-559c-ff19-f155e47a1610
validation,tenor saxophone,5,220,e2376331-da43-5628-fac5-c49b0beb2709
training,tenor saxophone,5,184,0b294f4a-d8fb-5857-fd6a-4567459d9f8e
training,tenor saxophone,5,185,dd0c8567-725c-5022-fccc-d56a11876548
test,tenor saxophone,5,85,b680d04a-7840-55c2-f333-151e56557031
validation,tenor saxophone,5,220,59e34e12-3c14-5101-fbcd-14baf1660484
training,tenor saxophone,5,184,61129776-301d-59f3-fa98-8b6868b0f9fc
test,tenor saxophone,5,85,98d10b7a-dce7-5592-f04b-ffe9099603a0
validation,tenor saxophone,5,220,4b28e963-2985-5960-f32e-8b035f61b431
test,tenor saxophone,5,89,d88469d6-773d-51d5-fdeb-4171038f4131
test,tenor saxophone,5,85,bb9e0985-4af0-5a52-f7b2-2bfbc37cd0e3
test,tenor saxophone,5,87,dc0a0cb8-3ba7-5445-f2a1-b6da47f79af8
test,tenor saxophone,5,87,9286e687-0c4d-5fe7-f16d-f1cbf2e43d52
test,tenor saxophone,5,89,5e0de464-9bc0-518e-f76e-691457a04bb8
test,tenor saxophone,5,85,ac077e5b-d36f-586e-f5e9-cb908162d1dd
test,tenor saxophone,5,86,4799ac11-437a-5360-f415-332fc409a3f0
training,tenor saxophone,5,185,234db92b-1dcc-54bb-f59c-55094138fa26
test,tenor saxophone,5,85,687ce1ff-c6e3-51ac-f760-9183be381242
training,tenor saxophone,5,185,bdb8c2a6-1acd-5720-f585-495edc7707ff
test,tenor saxophone,5,89,4d5a917d-dd07-5c0c-f4f6-04483d503aa5
test,tenor saxophone,5,85,913cd2f3-ba60-5d41-fa14-5ec989475ef2
test,tenor saxophone,5,85,2fb87713-a54c-5a17-ff16-c1c8f9a3c250
test,tenor saxophone,5,87,baa371f9-f5b0-5cbf-ffbd-644b9d3ad40a
training,tenor saxophone,5,185,5bc465cd-29da-558c-f794-fb0ad72aaf0f
test,tenor saxophone,5,87,438e439b-5872-53c4-fd33-fbc0351d5491
test,tenor saxophone,5,87,fcf8ad24-4003-5182-f0c3-cee4a3f479f9
test,tenor saxophone,5,87,66e65c25-c7f5-53e0-fd8c-b05020a8b78a
training,tenor saxophone,5,185,9f381945-7c8f-5592-ff96-5e47c4d6a26b
test,tenor saxophone,5,89,4ddb95b7-af88-5506-f818-9ffdecc70e64
test,tenor saxophone,5,85,71ae6fd9-131d-5336-ffd6-0fadaa3710b4
test,tenor saxophone,5,89,da63b32b-51ab-5b13-f242-be3ca77974d1
test,tenor saxophone,5,85,20bf3069-d2e0-5055-f43a-0df66d522f60
test,tenor saxophone,5,85,e650120e-c5fc-5207-f8d3-a3334d7640c8
training,tenor saxophone,5,185,8959bcc4-d158-5e99-f17d-ade9d45f048e
test,tenor saxophone,5,85,e5e47229-040b-5401-f53a-7e30184b1d45
test,tenor saxophone,5,87,c41bf890-ff1b-5bc2-fed4-38ba458e4533
test,tenor saxophone,5,86,af447a52-b23c-5a78-fcb4-ce48398fa059
test,tenor saxophone,5,85,052bb1fc-d465-5aac-fbae-ea9012923897
test,tenor saxophone,5,87,f363ddfb-4c32-5e80-fa49-936e0e699014
test,tenor saxophone,5,85,07b00551-3b9f-51ab-f742-0d6dfee87047
training,tenor saxophone,5,185,cd0758fb-3c03-540d-f010-c3859c05b55e
test,tenor saxophone,5,85,20b712de-5f39-5d3c-f19e-839074d49ca3
test,tenor saxophone,5,85,b2eff7c7-3074-52cc-f693-f09f28614d99
test,tenor saxophone,5,85,466406fc-75c7-55a3-f0ec-c01e33f8b697
validation,tenor saxophone,5,220,6abbdc3e-fe4d-597b-f6ac-623dac770490
test,tenor saxophone,5,85,e1d4b1d4-1f2c-521b-fe5b-19d393b341f2
test,tenor saxophone,5,85,1e3acb9d-d767-54d7-ff67-88a443902d4b
test,tenor saxophone,5,85,2573892e-cf67-53d6-f4bc-943f38ad8e52
training,tenor saxophone,5,185,db3637db-f077-5a65-fbd7-7f29b1ffd325
test,tenor saxophone,5,87,7bf1f4d9-9c65-54ea-fc42-b7613c7e6f6d
test,tenor saxophone,5,87,16aa9938-d9f5-5322-f48a-e4af7e52ad74
training,tenor saxophone,5,184,daae2e73-2367-5751-ffd8-24def0d1f8d1
test,tenor saxophone,5,85,77b92f2b-b358-55ee-f590-ce6cdef68e8c
test,tenor saxophone,5,85,9255d3df-41f4-5b5d-f862-9496cf440f8a
validation,trumpet,6,221,69621557-3af5-57f9-f863-7f2ef7eb56da
validation,trumpet,6,221,35adb3d7-04c1-5c82-fa2f-388709cccb1d
training,trumpet,6,189,adac8462-4559-5b7c-f1a3-4896abc1df4f
test,trumpet,6,103,dd63a220-9f83-56bd-f3e1-72bd88b5d6c0
training,trumpet,6,188,b8ef27ec-3bc7-56fa-f576-947b3920feee
test,trumpet,6,105,8e0dd9e1-af05-597f-fd2f-85dbe4f14ade
training,trumpet,6,188,330dd092-e25d-54ab-f2e9-d12e47b6491d
test,trumpet,6,94,ac7808e1-85a1-5dca-f268-1ed8ab77a473
training,trumpet,6,189,c432ee39-93fa-5f03-f550-dc105ea1154b
test,trumpet,6,97,dd2b5337-74d8-560a-fccb-4cd4476ec79f
training,trumpet,6,188,6a4bf448-b2da-55e9-fd2d-cb98ff6b48cb
test,trumpet,6,92,92d4a062-5b9d-5fb5-f48e-3d2e5b293a5e
test,trumpet,6,94,121c1906-eeb8-5937-f60f-4dc062f2938a
test,trumpet,6,94,bbbd238b-e76c-5a51-f486-9a01d7d48916
training,trumpet,6,188,425d0537-1549-5bf9-f707-28b2d7192c43
test,trumpet,6,94,350633dc-b02c-5533-f5ed-2434a3d42694
test,trumpet,6,90,27af7a1d-aed2-5ea1-ffca-b9d60afded02
test,trumpet,6,110,5fd19015-c124-54a8-f7cb-2ccec3809781
test,trumpet,6,100,bca9b0ee-ea53-5a38-fee4-b177f1e4028a
test,trumpet,6,112,fd210868-834d-5d81-f3e6-7f760920024a
test,trumpet,6,96,48d928fa-44b0-548e-f057-a56eaaa8913d
test,trumpet,6,97,22a017ca-e531-58c4-fa00-1a51e65ec746
test,trumpet,6,93,51414235-bbfd-57b3-fb1e-3b5e0f4e99bf
validation,trumpet,6,222,2366d31e-f95e-5fbe-f6b5-4ec1a8db886b
training,trumpet,6,189,832e219c-d312-5608-feaf-e5438c7afc6c
test,trumpet,6,94,550e9f76-89f6-5816-fc8d-5052d88bb38b
test,trumpet,6,97,dda4c445-7492-5dfd-f4be-d113a861a92d
training,trumpet,6,189,2953b231-620b-54d3-fe2d-fc2c487d0837
validation,trumpet,6,222,b1f3645c-c7b0-58b7-fe01-564b25316660
test,trumpet,6,107,a04305f1-0bfb-58a6-f6c4-8ff0890722fa
test,trumpet,6,98,6c3ae5a7-3d67-578e-f7ad-5f0de2a8d3e6
validation,trumpet,6,222,734aabc2-e2e9-5b60-f2d5-15278555b3e0
test,trumpet,6,112,fb8d485e-83ca-5bdf-f785-82cb86a55e74
test,trumpet,6,110,97fb7eda-9c32-5322-fa65-ce8a6c499c0a
test,trumpet,6,96,11aff6f0-ad6c-5edb-fa0a-e76f8da5cd92
test,trumpet,6,114,417eedc8-b71a-55ca-f7df-e822d10cee77
test,trumpet,6,112,af6de4e6-1cd9-5cb0-ffb6-3adc13c61274
validation,trumpet,6,222,a5ae1ad1-6e46-52d2-f4ce-340a3096e679
test,trumpet,6,108,0a13f234-430d-5727-f79f-0b3b86740fc3
validation,trumpet,6,221,e6b165ab-4f87-53a4-f20d-43a58ad9d2b0
test,trumpet,6,115,b581822f-03c1-59fb-f47b-5692b151d1fc
test,trumpet,6,92,1c12eac9-9c77-5403-fc28-66a0d81de167
test,trumpet,6,94,faac2a26-b794-531d-f953-0601d1d95948
test,trumpet,6,115,ce65ec5a-5370-5bd2-fdae-56dea3309d65
test,trumpet,6,113,4136e6cc-a63c-5621-fe2f-a5d6490921a3
test,trumpet,6,102,62697b00-3b10-5b8d-fbff-de69fbbfcc90
test,trumpet,6,107,0bfc8bc2-9a3a-5b85-f668-f587dbeb4954
validation,trumpet,6,221,7ec826f3-9735-5ed3-f6c1-94a622f29755
test,trumpet,6,94,9dc194f1-4f52-5d2f-fa91-4d4f07afbfaf
training,trumpet,6,188,d4a0840b-90bb-537a-fb35-2b3beb5975cb
test,trumpet,6,99,53ea551d-3556-55b3-f5a5-1a506a62a0fd
test,trumpet,6,112,12ffed39-63f4-5582-f339-0a78d62d7ff9
test,trumpet,6,90,1977f076-cc4a-521f-f7e1-29bcf1802a6d
test,trumpet,6,107,a76f03d5-22ed-576d-f744-f103c6bd9dab
training,trumpet,6,188,f0f5b359-a096-52d5-fa02-55461d9b746d
test,trumpet,6,99,293166f7-8627-5cf0-fc68-892ce56cce62
test,trumpet,6,96,7780af54-1934-57bb-f619-5ce9906aec9c
training,trumpet,6,188,4f0194b3-2a4e-518d-f486-b27cc04e6ac8
test,trumpet,6,103,9b930c59-67f8-509b-f29a-a47212c9d6e3
test,trumpet,6,92,31fd55f4-edda-5b04-f39f-a8ca0015f380
validation,trumpet,6,221,4c6a094e-0ac2-5953-feb3-f32a7fd12c98
training,trumpet,6,189,4d0ed781-20f2-57c5-fbf7-9b5f2587e5c8
test,trumpet,6,115,a17f0661-6afe-5b25-f17a-740dc2f62fd2
test,trumpet,6,92,a9b831f3-3a99-5b98-f40d-6a0c990d5f46
test,trumpet,6,106,d596db83-7aff-5e59-fe86-0477b61a2838
training,trumpet,6,188,50d347ad-9d26-523e-f49b-10e82dd32c6a
test,trumpet,6,94,b6947511-a9ca-5806-f8e0-f245ed6dd435
training,trumpet,6,186,456e5f27-d897-5336-f65d-e187685692cf
training,trumpet,6,189,128d2aa0-9c6f-5825-fb4e-278618efda91
training,trumpet,6,189,4b716b5a-e1b1-58a9-f161-94c1e935416d
test,trumpet,6,97,8fd49366-28d1-5948-fee0-053ccc56b79f
test,trumpet,6,91,fb4441ca-9dbf-58aa-f823-1c3b08d48434
test,trumpet,6,94,c76d7976-c041-5afc-ff6f-885d9b9f9292
test,trumpet,6,116,b4c96801-3cf3-5d72-fa9a-ca0c8edaf852
test,trumpet,6,103,f190e44e-53a2-532d-f8fc-68408489d300
training,trumpet,6,189,1f689fa4-3c1c-5ce2-f539-ce6ada843194
training,trumpet,6,188,93c44660-dd8c-5142-f0e1-831ce3c7c21a
test,trumpet,6,94,a5badf05-45aa-59e9-f49a-62b0afa74551
test,trumpet,6,116,14697c99-adf0-5033-fdfc-4746b0da1f8d
training,trumpet,6,186,01baf3fb-228d-5624-fc31-b59d0fe06c91
test,trumpet,6,109,cedfabbd-c065-5af3-f8e6-a652d415aa42
test,trumpet,6,94,c7273895-596e-5096-fa2a-2fc65899901b
validation,trumpet,6,221,0f498664-9bee-58da-f4d4-3c35213aaae0
training,trumpet,6,186,71841066-f104-571e-f09d-53f00ed51258
test,trumpet,6,102,7d5c3e55-fff0-5d23-fc76-c05a6e9767ce
validation,trumpet,6,221,d1c364e3-1e04-54cf-f178-584e302b4e40
test,trumpet,6,98,8e72f866-5918-59a5-f808-022d64659bdf
training,trumpet,6,187,33769d9d-4b07-5139-fe54-8f073b385b17
validation,trumpet,6,221,0d9e2420-2188-5d46-f7a9-70953b1ed134
test,trumpet,6,107,c726e1d9-9482-5e33-f3fc-51f1fcff6c62
training,trumpet,6,186,ef74770f-29fd-5742-fa13-37ec286df7c6
test,trumpet,6,116,dbc75844-1007-5149-f909-4dc849e1d279
test,trumpet,6,92,29262c22-bfe5-519f-f1fe-20c027cbda74
test,trumpet,6,100,9416faf6-caf4-50a2-f550-cfc0062e52ac
test,trumpet,6,94,3c3f0ee4-4b5a-5120-f027-f92e81cb2c34
test,trumpet,6,111,adca47d5-d611-5155-fa94-76dd6a02f725
test,trumpet,6,105,c4c1e74f-31de-5128-f5a2-910d5fdfb2d8
validation,trumpet,6,221,79e0177a-3c89-52f0-f07f-0873f64c69f0
training,trumpet,6,189,12995d8c-b5b2-559f-feb9-108c00a95bce
validation,trumpet,6,221,db843504-cb64-5a87-f569-afaf30ae4858
test,trumpet,6,102,3a52a473-d3c7-5ea5-fa4b-d626760f090b
test,trumpet,6,115,fb840961-144c-5be4-fa86-76847dbd8cb3
training,trumpet,6,187,996d63d2-6ebb-5353-f2c2-7e01401dec52
validation,trumpet,6,221,c1c2111c-4ba2-5c1b-ff13-463ba47f4800
test,trumpet,6,110,4b27d7f2-2b50-5866-f405-6a4d2d9ddeb9
test,trumpet,6,94,4f69873c-f1a0-5bdf-f76e-dbc6fdc880fc
test,trumpet,6,105,eacf9398-f1d0-555e-f567-5ba42ddc8e21
test,trumpet,6,94,4fa2a4be-eb91-5169-f25d-13bb4b343638
test,trumpet,6,106,66ae00b8-6ee5-5b0e-fbce-257f96a3597c
test,trumpet,6,105,bdf8cdb4-9d20-5fe3-f880-a6c7893aaab2
test,trumpet,6,94,9ef553a4-bd9e-5232-f9ff-bb4b0970cd17
training,trumpet,6,189,2ad5a48a-1b7e-570c-f926-70e21caae831
test,trumpet,6,94,24d9a2e3-080a-5445-fa23-912454329ad4
training,trumpet,6,187,02bca10b-46c6-55f0-f89d-b4694a9f6dea
test,trumpet,6,109,bd9d036a-6e1c-589f-f4f3-06ac71bd8f85
test,trumpet,6,94,044c1185-f4b3-5f8b-fa66-7de5e48547a4
validation,trumpet,6,221,5357929c-58a2-5762-fb16-e8ce112129d1
test,trumpet,6,115,7c3e7bcb-32b7-5a23-f44f-bb0841741aa0
test,trumpet,6,107,8ab75b2b-0b03-5299-f68d-bc26be5d29f5
test,trumpet,6,103,5d591954-d6b1-5465-fe26-1586f828bab9
test,trumpet,6,97,75799a5c-3c45-5f4f-ff03-08cfde211156
training,trumpet,6,189,5671e950-e0f5-5ede-f457-bdb38716dbaf
test,trumpet,6,113,3b2c6c69-4c65-5cc9-f4cf-553e41ff34d8
test,trumpet,6,103,1a3400b9-8942-55d6-f629-95897aeb949b
test,trumpet,6,115,7f4296a5-3896-5726-ffbc-2258077dad4d
training,violin,7,196,24f25ac0-2f0b-52da-f258-ad7757a44ddf
validation,violin,7,226,01732cc0-f545-559e-f050-631f4dc1d137
test,violin,7,127,0f83852f-15d3-5707-f21e-033c2384b1b1
training,violin,7,192,53135502-c0d9-5552-fa6c-5b199ffe900e
training,violin,7,198,e84ce491-8977-56a3-fae5-739f3dfc8e69
training,violin,7,196,966a0254-0a44-57d3-f54c-c5a4e10de1a5
test,violin,7,129,73fa2cf6-aa4c-5181-fae9-42e6174adc3b
training,violin,7,195,c1c1b3a5-1fd8-5d3e-f4e8-939b3332ba3a
test,violin,7,117,afb71fc8-b3ca-5e2b-f6f7-242e516ba203
test,violin,7,138,114e4e53-cc3f-521d-f887-bd9dae9d90a7
validation,violin,7,226,aea9ad61-89d9-5e2b-fd68-1c6f62f0e9db
test,violin,7,125,0162c34d-23ee-53cc-f2f7-6ac89e4d6344
test,violin,7,129,575b1434-9cdf-556b-fc5b-71e9b0d2d10e
test,violin,7,131,027db1f8-a437-57b1-ffaf-35a8c3e13ca5
training,violin,7,196,468bd4dd-078b-5b66-f6bf-e1a3a3cf9451
test,violin,7,131,60dd57c6-4da3-5b73-fb98-c819e41a76e0
validation,violin,7,226,d072f8cb-e2b1-5561-f3c9-cce624c33bf8
test,violin,7,124,44e4c156-18bf-5009-f930-c23303585dd5
validation,violin,7,226,eaa862ef-a4e2-5d7f-f883-9fae114f8b9c
training,violin,7,198,7ffc6924-a7b7-5969-fe34-1413229fe4f2
test,violin,7,121,8073e4ad-18b5-5d36-ff81-abe80bc448dd
test,violin,7,124,0c968137-c6d4-5334-f8e0-300b56ecc580
training,violin,7,196,e2f9157b-4700-5df3-f3f8-2c38b11e4d86
test,violin,7,121,f756bd0b-1610-5028-fb69-3d5f39f52065
training,violin,7,198,396fbe9a-a39d-54f1-fe6f-0421b70c5d29
test,violin,7,121,7a237736-e78e-5fb6-fd2c-a15b88c09fb6
training,violin,7,191,8686fa93-e3e8-514c-f82f-5c33e522f1fd
test,violin,7,117,676f7b37-35d5-563a-f5cc-a054a8f12483
validation,violin,7,224,b7b2b928-e364-5d20-f657-41ac62f18654
validation,violin,7,225,1a93eb88-e582-5ebe-ff30-9fd5c7b49590
training,violin,7,198,7223f67e-920d-543b-f65a-038684846e54
test,violin,7,127,416353ec-bea9-5175-fe63-25911c5308fb
training,violin,7,192,de3ca7c6-7d83-55a2-fc78-448c7aaa8490
validation,violin,7,224,7f0d5c07-c73e-59a4-fd50-8d57535365ba
training,violin,7,191,eb91e274-7a2d-543d-f5be-9958fe9fc6cd
test,violin,7,127,e065d7fa-54c9-55fe-f264-69be20d70889
test,violin,7,130,402ebbfa-78b5-50a3-f6e3-ace5ce7dc290
test,violin,7,127,cf20bcb9-2431-594d-fd80-a5b1b046d4ac
test,violin,7,122,59bd20ac-4237-5d5f-f1d8-2aef96fa13b0
test,violin,7,124,f06066c5-926f-5fd0-f70d-248fa6216f98
training,violin,7,191,28df89ee-3d7d-5cdc-f4cc-d8c4a3015e67
training,violin,7,193,4694a947-e272-5efc-f153-6b2d6e57413b
training,violin,7,190,e959c9fb-bfdb-5c9a-f1e2-607afbbb3a86
test,violin,7,121,4abbfac3-6284-58dc-f2c0-94458365a6c5
test,violin,7,133,a5ecf35a-5ef3-59e2-fef0-2c06596209d1
test,violin,7,133,a6ffd178-d6a4-5771-f822-afd9d88c0a62
test,violin,7,121,07247e49-d9dc-59e5-f403-069b789ea041
test,violin,7,122,4c39a27e-344e-5089-f039-1cb0092221bc
validation,violin,7,226,ff5a1cb6-d8fa-503a-f76d-f8a56f5ad9d5
validation,violin,7,226,b0e1e5c7-0f41-5490-fa21-cbd61ceb3eb9
training,violin,7,190,c8d48032-c7d0-5dbc-f7e8-51a4ac1d2b59
test,violin,7,121,d65f269c-6076-57dc-f6fb-ef6184e80684
test,violin,7,133,0b96b937-9892-5c6a-ff1c-a7e744c2b52d
training,violin,7,191,ab4856fb-0314-59a0-f48a-19eb7bee7690
test,violin,7,125,1ad11105-fa6d-51e9-f56c-24e2ceaa4366
test,violin,7,128,2ddd253d-bae6-52bf-f152-14c260b9c31e
test,violin,7,128,04adff91-5911-52ca-fde1-7bd9bd195522
test,violin,7,121,9b353d53-ce26-5c5d-f6a2-28f2c13a6814
test,violin,7,125,c6318549-8341-569b-f8cd-cbc1a95bf42d
test,violin,7,121,997ddea1-7a81-502e-f939-05c6bde8d6b5
validation,violin,7,224,792dcbd5-153f-527e-ffe3-5aff13a9419b
test,violin,7,127,7313b930-41ad-59d4-f8dd-191bfe41ab5b
training,violin,7,196,aafa2ed7-d040-5b32-ff43-e9be79438479
test,violin,7,121,5fa3d2a4-efee-576c-f884-d2df82c23865
training,violin,7,198,2d78bfe3-f982-559b-f152-15795a4b089c
training,violin,7,191,8df9eee1-5291-57f4-f0ca-cbf9edf34fdb
test,violin,7,135,7f3bade7-abdd-595f-f44b-8fa2e6fa259d
validation,violin,7,226,c64fa951-3bac-5ca6-fa0f-0d15dcd4aa0d
test,violin,7,133,498cde35-9253-59b7-f4da-4ef739ef31cf
training,violin,7,198,e109e47b-702f-5734-f907-54ad3d16e2a1
training,violin,7,196,d06e3d10-a4ee-524b-f9e0-91f47c29a2d9
test,violin,7,129,d51c550e-8669-5892-fba4-b21181aa6c7b
test,violin,7,127,25aeb455-6769-534c-fa38-b1ebca5869c4
validation,violin,7,223,d9280aad-e2f9-59b4-fab1-5557aeca52fd
training,violin,7,194,1c366249-98fe-55fe-fc68-2487c2e5bda3
training,violin,7,196,f7ad2965-ac59-5c4c-ff92-8bc90a4d1622
training,violin,7,196,12f722fb-42ce-5940-fcef-4c5a4a9fd94e
training,violin,7,195,80826c46-dfcd-5a4b-f8b8-9106c8ebc6f3
test,violin,7,124,1d5cfde7-ad1a-5a42-fe11-6f264a3983f5
test,violin,7,117,72b3deb4-74a4-5f18-f586-1df74bb80aed
validation,violin,7,224,1bd98e7c-cbe2-53e2-f7e8-6be8f9641ace
test,violin,7,131,98aed2bc-c60d-547d-f6b0-d021bdb05151
test,violin,7,128,a9cbf74d-6f6a-5751-f4d8-20c1c085f4a8
training,violin,7,192,ed70e7d0-39e7-5ae9-f441-95b62abb87c1
test,violin,7,127,c8d603b8-dbb0-59cb-f3ee-ca6b29442b71
test,violin,7,117,dd3930ca-6dbe-56f9-f657-cdde7fe16eef
training,violin,7,195,ffd05669-b2f5-5f3b-f1ee-b2f534b54c72
test,violin,7,125,88dcc603-00f9-5878-fd98-ad742a2de60a
training,violin,7,198,2aba4495-8ebb-5bd0-f4ac-4ef2bb3b3cc9
validation,violin,7,226,4658b95f-fbd4-5ce5-f8e1-8281ee09f3c3
validation,violin,7,224,2d193f68-3739-5825-fceb-74279f0a5075
test,violin,7,121,360852c0-1b0a-55e0-f851-4f8e5a22c344
validation,violin,7,225,3320e008-96b3-5f7a-f2de-de57060d03d8
test,violin,7,125,b3726263-16f4-555b-f248-d4170096a21a
test,violin,7,121,32806127-38e9-5865-f900-87ec08bed9d1
test,violin,7,121,690c6fe7-ed28-5537-f896-e54d690b0142
test,violin,7,124,4b3c8112-d6ec-5873-f934-0fd308de1e18
training,violin,7,198,8c14b27b-2755-5474-f1a3-29d17ebbe9cd
training,violin,7,192,a69b7f3e-13f7-563e-f4f3-bc586e46fe50
validation,violin,7,224,68687ff3-9211-565d-fee3-0fea0b9ce000
training,violin,7,195,84e39573-cbb3-5210-f942-f57c53fcf6fa
test,violin,7,134,35ce2378-1f75-57d3-fb40-2af3e320b512
training,violin,7,198,a2f97dc7-bd1d-5dbb-f862-e0ee6a7a7c14
training,violin,7,196,921cf3ca-9a27-55bb-fa1c-d11335df67cc
test,violin,7,123,3fb085aa-0d73-5ea4-f288-9406d0f2cc1b
test,violin,7,127,ab5ff4d1-76a9-5439-fa33-c1f30cfd40d6
training,violin,7,198,bc9a8ff2-084d-50cc-f467-ba8424c39ce1
test,violin,7,122,4a9cbc4a-663a-59ff-fe02-71c3c594fc0e
validation,violin,7,226,d28406a6-cdc3-5112-f4c9-1a49939f9bac
training,violin,7,198,65f9cde9-627e-5929-f063-0588cc736597
test,violin,7,137,fbe57712-009c-5c03-fe7b-32d6e5db21e8
test,violin,7,133,3a2905f3-9a62-5775-f8c4-53099cd5b388
training,violin,7,196,53ca6e90-62ee-5fb0-f4f0-277786dde796
test,violin,7,127,ca2a51a7-70da-58f2-f88d-315d8b5e990d
test,violin,7,138,926f1b85-4e9e-5e10-f743-6fff5327089f
test,violin,7,117,93a6b962-d158-527b-f4e8-023ea287630a
training,violin,7,198,bdc52f57-9c57-5122-f953-824e1ef7cc52
test,violin,7,123,d039cc86-9031-597d-f6fd-5f0bb9c6c370
validation,violin,7,226,af903634-1d03-5716-fac0-4735fb1c0f41
test,violin,7,133,7b508ab1-7cfc-5f01-f67b-21b37038df94
test,violin,7,121,eb0afa85-6e60-5057-f95b-2ca8d7653da4
test,violin,7,121,a99955c4-ac05-5aea-f5b8-213f6169c0c1
training,violin,7,195,34031ce2-d87c-5f9e-fe41-3721ab2c486d
test,violin,7,128,1b286898-ebcc-51aa-f104-a3c82c0ada34
test,violin,7,121,ea4429af-5731-596b-f8ef-f33d4febe7ce
